"Order #","Purchased On","Bill to Name","Ship to Name","G.T. (Base)","G.T. (Purchased)",Status
100000443,"Jul 23, 2015 6:17:59 PM","CSWEETYTWO CSWEETYTWO123","CSWEETYTWO CSWEETYTWO123","$2,480.00","$2,480.00",Pending
100000442,"Jul 23, 2015 5:26:45 PM","CSWEETY123 CSWEETYTWO123","CSWEETY123 CSWEETYTWO123",$620.00,$620.00,Pending
100000441,"Jul 23, 2015 5:24:22 PM","CSWEETY123 CSWEETYTWO123","CSWEETY123 CSWEETYTWO123",$620.00,$620.00,Pending
100000440,"Jul 22, 2015 9:58:02 PM","Ajay Raj","Ajay Raj","$6,200.00","$6,200.00",Pending
100000439,"Jul 22, 2015 7:02:02 PM","CSWEETY123 CSWEETYTWO123","CSWEETY123 CSWEETYTWO123",$620.00,$620.00,Pending
100000438,"Jul 22, 2015 3:30:06 PM","CSWEETY123 CSWEETYTWO123","CSWEETY123 CSWEETYTWO123",$620.00,$620.00,Pending
100000437,"Jul 22, 2015 3:09:56 PM","CSWEETY123 CSWEETYTWO123","CSWEETY123 CSWEETYTWO123",$620.00,$620.00,Pending
100000436,"Jul 21, 2015 11:44:00 PM","CSWEETY123 CSWEETYTWO123","CSWEETY123 CSWEETYTWO123",$620.00,$620.00,Pending
100000435,"Jul 21, 2015 8:33:42 PM","Ajay Raj","Ajay Raj",$620.00,$620.00,Pending
100000434,"Jul 21, 2015 8:30:37 PM","Ajay Raj","Ajay Raj",$620.00,$620.00,Pending
100000433,"Jul 21, 2015 8:29:08 PM","Ajay Raj","Ajay Raj","$1,240.00","$1,240.00",Pending
100000432,"Jul 21, 2015 8:10:02 PM","BERRY BERRYSEVEN","BERRY BERRYSEVEN","$16,120.00","$16,120.00",Pending
100000431,"Jul 21, 2015 7:18:54 AM","sample ghsa","sample ghsa","$1,240.00","$1,240.00",Pending
100000430,"Jul 21, 2015 7:10:59 AM","sample ghsa","sample ghsa","$1,325.00","$1,325.00",Pending
100000429,"Jul 21, 2015 3:19:55 AM","hello man","hello man","$1,240.00","$1,240.00",Pending
100000428,"Jul 20, 2015 10:57:31 PM","BERRY BERRYTWOQ","BERRY BERRYTWOQ",$620.00,$620.00,Pending
100000427,"Jul 20, 2015 4:56:55 AM","vasavi prasad","vasavi prasad",$705.00,$705.00,Pending
100000426,"Jul 20, 2015 4:55:37 AM","vasavi prasad","vasavi prasad",$705.00,$705.00,Pending
100000425,"Jul 20, 2015 4:55:05 AM","vasavi prasad","vasavi prasad",$705.00,$705.00,Pending
100000424,"Jul 20, 2015 4:51:43 AM","vasavi prasad","vasavi prasad",$705.00,$705.00,Pending
100000423,"Jul 20, 2015 4:46:28 AM","vasavi prasad","vasavi prasad",$705.00,$705.00,Pending
100000422,"Jul 20, 2015 4:44:20 AM","vasavi prasad","vasavi prasad",$705.00,$705.00,Pending
100000421,"Jul 20, 2015 4:40:06 AM","vasavi prasad","vasavi prasad",$705.00,$705.00,Pending
100000420,"Jul 20, 2015 4:37:01 AM","vasavi prasad","vasavi prasad","$1,410.00","$1,410.00",Pending
100000419,"Jul 20, 2015 4:34:32 AM","vasavi prasad","vasavi prasad",$620.00,$620.00,Pending
100000418,"Jul 20, 2015 4:28:58 AM","vasavi prasad","vasavi prasad",$620.00,$620.00,Pending
100000417,"Jul 20, 2015 4:25:22 AM","vasavi prasad","vasavi prasad",$705.00,$705.00,Pending
100000416,"Jul 20, 2015 4:23:47 AM","vasavi prasad","vasavi prasad","$1,410.00","$1,410.00",Pending
100000415,"Jul 20, 2015 3:48:24 AM","vasavi prasad","vasavi prasad",$705.00,$705.00,Pending
100000414,"Jul 19, 2015 1:46:12 PM","Kataju Kone","Kataju Kone","$1,240.00","$1,240.00",Pending
100000413,"Jul 19, 2015 1:15:42 PM","Kataju Kone","Kataju Kone",$620.00,$620.00,Pending
100000412,"Jul 19, 2015 1:10:21 PM","Kataju Kone","Kataju Kone",$620.00,$620.00,Pending
100000411,"Jul 19, 2015 1:04:09 PM","Kataju Kone","Kataju Kone",$620.00,$620.00,Pending
100000410,"Jul 16, 2015 5:53:09 AM","Kataju Kone","Kataju Kone",$620.00,$620.00,Pending
100000409,"Jul 15, 2015 2:17:44 AM","my my","my my","$3,100.00","$3,100.00",Pending
100000408,"Jul 15, 2015 1:35:06 AM","my my","my my",$620.00,$620.00,Pending
100000407,"Jul 14, 2015 8:58:48 PM","Pham Thi Thuy Ninh","Pham Thi Thuy Ninh","$1,915.00","$1,915.00",Pending
100000406,"Jul 14, 2015 8:54:13 PM","Pham Thi Thuy Ninh","Pham Thi Thuy Ninh","$1,515.00","$1,515.00",Pending
100000405,"Jul 14, 2015 1:37:36 PM","sumitra mohanty","sumitra mohanty",$620.00,$620.00,Pending
100000404,"Jul 13, 2015 11:47:37 AM","kanakadurga palakaveedu","kanakadurga palakaveedu",$620.00,$620.00,Pending
100000403,"Jul 13, 2015 8:18:07 AM","s s","s s","$1,945.00","$1,945.00",Pending
100000402,"Jul 13, 2015 6:01:18 AM","my my","my my",$620.00,$620.00,Pending
100000401,"Jul 11, 2015 5:40:55 PM","kanakadurga palakaveedu","kanakadurga palakaveedu",$620.00,$620.00,Pending
100000400,"Jul 11, 2015 11:04:53 AM","Imran Hossen","Imran Hossen",$620.00,$620.00,Pending
100000399,"Jul 11, 2015 3:49:31 AM","pitla sharanpandey","pitla sharanpandey","$6,200.00","$6,200.00",Pending
100000398,"Jul 11, 2015 3:48:35 AM","pitla sharanpandey","pitla sharanpandey","$6,200.00","$6,200.00",Pending
100000397,"Jul 11, 2015 3:47:03 AM","pitla sharanpandey","pitla sharanpandey","$6,200.00","$6,200.00",Pending
100000396,"Jul 11, 2015 3:45:30 AM","pitla sharanpandey","pitla sharanpandey","$6,200.00","$6,200.00",Pending
100000395,"Jul 11, 2015 3:44:05 AM","pitla sharanpandey","pitla sharanpandey","$6,200.00","$6,200.00",Pending
100000394,"Jul 11, 2015 3:40:17 AM","pitla sharanpandey","pitla sharanpandey","$6,200.00","$6,200.00",Pending
100000393,"Jul 11, 2015 2:33:32 AM","BERRY BERRYTEN","BERRY BERRYTEN","$24,240.00","$24,240.00",Pending
100000392,"Jul 10, 2015 11:50:23 PM","Admin Test","Admin Test",$645.00,$645.00,Pending
100000391,"Jul 10, 2015 11:17:47 PM","Admin Test","Admin Test",$540.00,$540.00,Pending
100000390,"Jul 10, 2015 10:29:52 PM","Trang Test","Trang Test",$135.00,$135.00,Pending
100000389,"Jul 10, 2015 11:22:13 AM","roja panda","hhjhjh hhjhhjh",$620.00,$620.00,Pending
100000388,"Jul 10, 2015 11:11:44 AM","Imran Hossen","Imran Hossen",$620.00,$620.00,Pending
100000387,"Jul 8, 2015 7:54:53 AM","Pham Thi Thuy Ninh","Pham Thi Thuy Ninh","$1,715.00","$1,715.00",Pending
100000386,"Jul 8, 2015 7:49:59 AM","Pham Thi Thuy Ninh","Pham Thi Thuy Ninh",$105.00,$105.00,Pending
100000385,"Jul 8, 2015 7:45:26 AM","Pham Thi Thuy Ninh","Pham Thi Thuy Ninh","$1,715.00","$1,715.00",Pending
100000384,"Jul 8, 2015 2:08:50 AM","BERRY BERRYSEVEN","BERRY BERRYSEVEN",$620.00,$620.00,Pending
100000383,"Jul 4, 2015 10:00:54 AM","Phani Kumar","Phani Kumar",$505.00,$505.00,Pending
100000382,"Jul 3, 2015 5:24:44 AM","Amit Gavande","Amit Gavande","$6,200.00","$6,200.00",Pending
100000381,"Jul 3, 2015 5:23:04 AM","Amit Gavande","Amit Gavande","$6,200.00","$6,200.00",Pending
100000380,"Jul 3, 2015 5:12:35 AM","Amit Gavande","Amit Gavande","$6,200.00","$6,200.00",Pending
100000379,"Jul 3, 2015 3:12:05 AM","Amit Gavande","Amit Gavande",$620.00,$620.00,Pending
100000378,"Jul 2, 2015 10:11:55 AM","pitla sharanpandey","pitla sharanpandey","$6,200.00","$6,200.00",Pending
100000377,"Jul 2, 2015 6:51:47 AM","BERRY BERRYTEN","BERRY BERRYTEN","$24,240.00","$24,240.00",Pending
100000376,"Jul 1, 2015 10:58:33 AM","Bug Finders","Bug Finders",$620.00,$620.00,Pending
100000375,"Jul 1, 2015 6:52:58 AM","Amit Gavande","Amit Gavande",$620.00,$620.00,Pending
100000374,"Jul 1, 2015 6:50:48 AM","Amit Gavande","Amit Gavande",$620.00,$620.00,Pending
100000373,"Jul 1, 2015 6:47:02 AM","Amit Gavande","Amit Gavande",$620.00,$620.00,Pending
100000372,"Jul 1, 2015 6:41:46 AM","Amit Gavande","Amit Gavande",$620.00,$620.00,Pending
100000371,"Jul 1, 2015 6:32:01 AM","Amit Gavande","Amit Gavande",$620.00,$620.00,Pending
100000370,"Jul 1, 2015 6:29:00 AM","Amit Gavande","Amit Gavande",$620.00,$620.00,Pending
100000369,"Jul 1, 2015 6:13:34 AM","Admin Test","Admin Test","$11,235.00","$11,235.00",Pending
100000368,"Jun 30, 2015 7:03:31 AM","pavan patil","pavan patil",$620.00,$620.00,Pending
100000367,"Jun 30, 2015 6:26:22 AM","Don Maroni","Don Maroni",$620.00,$620.00,Pending
100000366,"Jun 28, 2015 9:13:29 AM","pitlapitla sharanpandeysharanpandey","pitlapitla sharanpandeysharanpandey",$620.00,$620.00,Pending
100000365,"Jun 28, 2015 9:09:10 AM","pitlapitla sharanpandeysharanpandey","pitlapitla sharanpandeysharanpandey","$9,300.00","$9,300.00",Pending
100000364,"Jun 28, 2015 8:21:56 AM","pitla sharanpandey","pitla sharanpandey",$620.00,$620.00,Pending
100000363,"Jun 26, 2015 11:15:39 PM","Ta Thi  Hien","Ta Thi  Hien","$1,785.00","$1,785.00",Pending
100000362,"Jun 26, 2015 11:07:24 PM","Phuong Phuong","Phuong Phuong",$690.00,$690.00,Pending
100000361,"Jun 26, 2015 10:27:23 PM","Ta Thi  Hien","Ta Thi  Hien","$1,785.00","$1,785.00",Pending
100000360,"Jun 26, 2015 10:17:27 PM","Ta Thi  Hien","Ta Thi  Hien",$270.00,$270.00,Pending
100000359,"Jun 26, 2015 7:31:02 PM","Phuong Phuong","Phuong Phuong",$690.00,$690.00,Pending
100000358,"Jun 26, 2015 12:48:11 PM","Phuong Phuong","Phuong Phuong",$690.00,$690.00,Pending
100000357,"Jun 26, 2015 5:15:04 AM","pitla sharanpandey","pitla sharanpandey",$620.00,$620.00,Pending
100000356,"Jun 25, 2015 11:13:01 PM","Ta Thi  Hien","Ta Thi  Hien",$270.00,$270.00,Pending
100000355,"Jun 25, 2015 6:17:31 AM","Pham Thi Thuy Ninh","Pham Thi Thuy Ninh","$1,715.00","$1,715.00",Pending
100000354,"Jun 25, 2015 6:10:57 AM","Pham Thi Thuy Ninh","Pham Thi Thuy Ninh","$1,715.00","$1,715.00",Pending
100000353,"Jun 25, 2015 6:07:13 AM","Pham Thi Thuy Ninh","Pham Thi Thuy Ninh","$1,715.00","$1,715.00",Pending
100000352,"Jun 25, 2015 4:46:54 AM","test test","test test","$7,440.00","$7,440.00",Pending
100000351,"Jun 25, 2015 3:14:07 AM","Ta Thi  Hien","Ta Thi  Hien",$270.00,$270.00,Pending
100000350,"Jun 25, 2015 3:02:41 AM","guru99 live","guru99 live","$2,115.00","$2,115.00",Pending
100000349,"Jun 24, 2015 11:22:13 PM","Pham Thi Thuy Ninh","Pham Thi Thuy Ninh","$1,715.00","$1,715.00",Pending
100000348,"Jun 24, 2015 3:07:03 PM","Bug Finders","Bug Finders",$620.00,$620.00,Pending
100000347,"Jun 24, 2015 2:48:51 PM","Bug Finders","Bug Finders",$620.00,$620.00,Pending
100000346,"Jun 24, 2015 2:33:41 PM","Bug Finders","Bug Finders",$620.00,$620.00,Pending
100000345,"Jun 24, 2015 2:30:08 PM","Bug Finders","Bug Finders",$620.00,$620.00,Pending
100000344,"Jun 24, 2015 2:22:31 PM","Bug Finders","Bug Finders",$620.00,$620.00,Pending
100000343,"Jun 24, 2015 2:13:09 PM","Bug Finders","Bug Finders",$620.00,$620.00,Pending
100000342,"Jun 24, 2015 2:08:33 PM","Bug Finders","Bug Finders",$620.00,$620.00,Pending
100000341,"Jun 24, 2015 10:54:28 AM","asd asd","asd asd",$620.00,$620.00,Pending
100000340,"Jun 24, 2015 6:22:34 AM","asdf asdf","asdf asdf",$620.00,$620.00,Pending
100000339,"Jun 24, 2015 4:24:48 AM","ta hien 01","ta hien 01",$505.00,$505.00,Pending
100000338,"Jun 22, 2015 7:35:49 AM","guru99 live","guru99 live",$705.00,$705.00,Pending
100000337,"Jun 22, 2015 7:33:10 AM","guru99 live","guru99 live",$620.00,$620.00,Pending
100000336,"Jun 22, 2015 7:29:40 AM","guru99 live","guru99 live",$620.00,$620.00,Pending
100000335,"Jun 22, 2015 7:19:38 AM","guru99 live","guru99 live",$620.00,$620.00,Pending
100000334,"Jun 22, 2015 6:40:37 AM","guru99 live","guru99 live","$1,945.00","$1,945.00",Pending
100000333,"Jun 21, 2015 1:14:56 PM","Virendra Chaudhary","Virendra Chaudhary","$6,200.00","$6,200.00",Pending
100000332,"Jun 21, 2015 1:11:56 PM","Virendra Chaudhary","Virendra Chaudhary","$6,200.00","$6,200.00",Pending
100000331,"Jun 21, 2015 1:05:43 AM","Virendra Chaudhary","Virendra Chaudhary",$620.00,$620.00,Pending
100000330,"Jun 20, 2015 2:55:37 PM","Virendra Chaudhary","Virendra Chaudhary",$620.00,$620.00,Pending
100000329,"Jun 20, 2015 2:08:47 PM","Virendra Chaudhary","Virendra Chaudhary",$620.00,$620.00,Pending
100000328,"Jun 20, 2015 1:58:31 PM","Virendra Chaudhary","Virendra Chaudhary",$620.00,$620.00,Pending
100000327,"Jun 20, 2015 1:52:40 PM","Virendra Chaudhary","Virendra Chaudhary",$620.00,$620.00,Pending
100000326,"Jun 20, 2015 8:53:42 AM","Virendra Chaudhary","Virendra Chaudhary",$620.00,$620.00,Pending
100000325,"Jun 20, 2015 8:48:50 AM","Virendra Chaudhary","Virendra Chaudhary",$620.00,$620.00,Pending
100000324,"Jun 20, 2015 8:44:23 AM","Virendra Chaudhary","Virendra Chaudhary",$620.00,$620.00,Pending
100000323,"Jun 20, 2015 8:35:55 AM","Virendra Chaudhary","Virendra Chaudhary","$4,340.00","$4,340.00",Pending
100000322,"Jun 20, 2015 7:38:32 AM","Virendra Chaudhary","Virendra Chaudhary","$1,240.00","$1,240.00",Pending
100000321,"Jun 19, 2015 7:58:19 AM","Jan Kowalski","Jan Kowalski","$10,592.50","$10,592.50",Pending
100000320,"Jun 19, 2015 7:56:03 AM","Jan Kowalski","Jan Kowalski","$6,200.00","$6,200.00",Pending
100000319,"Jun 19, 2015 7:55:07 AM","Jan Kowalski","Jan Kowalski","$6,200.00","$6,200.00",Pending
100000318,"Jun 19, 2015 7:54:42 AM","Jan Kowalski","Jan Kowalski",$620.00,$620.00,Pending
100000317,"Jun 19, 2015 7:53:40 AM","Jan Kowalski","Jan Kowalski","$6,200.00","$6,200.00",Pending
100000316,"Jun 19, 2015 7:53:09 AM","Jan Kowalski","Jan Kowalski",$620.00,$620.00,Pending
100000315,"Jun 19, 2015 7:49:58 AM","Jan Kowalski","Jan Kowalski","$6,200.00","$6,200.00",Pending
100000314,"Jun 19, 2015 7:49:32 AM","Jan Kowalski","Jan Kowalski",$620.00,$620.00,Pending
100000313,"Jun 19, 2015 7:48:24 AM","Jan Kowalski","Jan Kowalski","$6,200.00","$6,200.00",Pending
100000312,"Jun 19, 2015 7:47:33 AM","Jan Kowalski","Jan Kowalski",$620.00,$620.00,Pending
100000311,"Jun 19, 2015 7:45:59 AM","Jan Kowalski","Jan Kowalski","$6,200.00","$6,200.00",Pending
100000310,"Jun 19, 2015 7:45:34 AM","Jan Kowalski","Jan Kowalski",$620.00,$620.00,Pending
100000309,"Jun 19, 2015 7:44:42 AM","Jan Kowalski","Jan Kowalski","$6,200.00","$6,200.00",Pending
100000308,"Jun 19, 2015 7:44:13 AM","Jan Kowalski","Jan Kowalski",$620.00,$620.00,Pending
100000307,"Jun 19, 2015 7:42:23 AM","Jan Kowalski","Jan Kowalski","$6,200.00","$6,200.00",Pending
100000306,"Jun 19, 2015 7:41:59 AM","Jan Kowalski","Jan Kowalski",$620.00,$620.00,Pending
100000305,"Jun 19, 2015 7:40:51 AM","Jan Kowalski","Jan Kowalski","$6,200.00","$6,200.00",Pending
100000304,"Jun 19, 2015 7:40:20 AM","Jan Kowalski","Jan Kowalski",$620.00,$620.00,Pending
100000303,"Jun 19, 2015 7:37:13 AM","Jan Kowalski","Jan Kowalski","$6,200.00","$6,200.00",Pending
100000302,"Jun 19, 2015 7:36:48 AM","Jan Kowalski","Jan Kowalski",$620.00,$620.00,Pending
100000301,"Jun 19, 2015 7:35:44 AM","Jan Kowalski","Jan Kowalski","$6,200.00","$6,200.00",Pending
100000300,"Jun 19, 2015 7:35:15 AM","Jan Kowalski","Jan Kowalski",$620.00,$620.00,Pending
100000299,"Jun 19, 2015 5:41:26 AM","Jan Kowalski","Jan Kowalski","$6,200.00","$6,200.00",Pending
100000298,"Jun 19, 2015 5:41:00 AM","Jan Kowalski","Jan Kowalski",$620.00,$620.00,Pending
100000297,"Jun 19, 2015 5:40:09 AM","Jan Kowalski","Jan Kowalski","$6,200.00","$6,200.00",Pending
100000296,"Jun 19, 2015 5:39:40 AM","Jan Kowalski","Jan Kowalski",$620.00,$620.00,Pending
100000295,"Jun 19, 2015 5:30:48 AM","Jan Kowalski","Jan Kowalski",$620.00,$620.00,Pending
100000294,"Jun 19, 2015 5:29:47 AM","Jan Kowalski","Jan Kowalski","$6,200.00","$6,200.00",Pending
100000293,"Jun 19, 2015 5:29:01 AM","Jan Kowalski","Jan Kowalski",$620.00,$620.00,Pending
100000292,"Jun 19, 2015 5:26:28 AM","Jan Kowalski","Jan Kowalski",$620.00,$620.00,Pending
100000291,"Jun 19, 2015 5:25:03 AM","Jan Kowalski","Jan Kowalski",$620.00,$620.00,Pending
100000290,"Jun 19, 2015 5:20:54 AM","Jan Kowalski","Jan Kowalski","$6,200.00","$6,200.00",Pending
100000289,"Jun 19, 2015 4:26:32 AM","Jan Kowalski","Jan Kowalski",$620.00,$620.00,Pending
100000288,"Jun 19, 2015 4:25:37 AM","Jan Kowalski","Jan Kowalski",$620.00,$620.00,Pending
100000287,"Jun 19, 2015 4:24:14 AM","Jan Kowalski","Jan Kowalski",$620.00,$620.00,Pending
100000286,"Jun 19, 2015 4:18:51 AM","Jan Kowalski","Jan Kowalski",$620.00,$620.00,Pending
100000285,"Jun 19, 2015 4:06:29 AM","Jan Kowalski","Jan Kowalski",$620.00,$620.00,Pending
100000284,"Jun 19, 2015 3:53:57 AM","Jan Kowalski","Jan Kowalski",$620.00,$620.00,Pending
100000283,"Jun 19, 2015 3:49:57 AM","Jan Kowalski","Jan Kowalski",$620.00,$620.00,Pending
100000282,"Jun 19, 2015 3:29:14 AM","Jan Kowalski","Jan Kowalski",$620.00,$620.00,Pending
100000281,"Jun 19, 2015 3:03:25 AM","Avinash Kaushik","Avinash Kaushik",$620.00,$620.00,Pending
100000280,"Jun 18, 2015 1:07:10 PM","hi hih","hi hih",$620.00,$620.00,Pending
100000279,"Jun 18, 2015 12:39:07 PM","niti gupta","niti gupta",$620.00,$620.00,Pending
100000278,"Jun 18, 2015 9:22:16 AM","kailash Roy","kailash Roy",$135.00,$135.00,Pending
100000277,"Jun 18, 2015 9:15:38 AM","Jan Kowalski","Jan Kowalski",$620.00,$620.00,Pending
100000276,"Jun 18, 2015 9:13:56 AM","kailash Roy","kailash Roy","$1,515.00","$1,515.00",Pending
100000275,"Jun 18, 2015 9:13:24 AM","Jan Kowalski","Jan Kowalski",$620.00,$620.00,Pending
100000274,"Jun 18, 2015 9:10:28 AM","Jan Kowalski","Jan Kowalski",$620.00,$620.00,Pending
100000273,"Jun 18, 2015 9:07:55 AM","Jan Kowalski","Jan Kowalski",$620.00,$620.00,Pending
100000272,"Jun 18, 2015 9:03:11 AM","Jan Kowalski","Jan Kowalski",$620.00,$620.00,Pending
100000271,"Jun 18, 2015 8:56:06 AM","Jan Kowalski","Jan Kowalski",$620.00,$620.00,Pending
100000270,"Jun 18, 2015 8:53:48 AM","Jan Kowalski","Jan Kowalski",$620.00,$620.00,Pending
100000269,"Jun 18, 2015 7:21:13 AM","Avinash Kaushik","Avinash Kaushik",$620.00,$620.00,Pending
100000268,"Jun 18, 2015 7:10:26 AM","Avinash Kaushik","Avinash Kaushik",$620.00,$620.00,Pending
100000267,"Jun 18, 2015 7:05:23 AM","Avinash Kaushik","Avinash Kaushik",$620.00,$620.00,Pending
100000266,"Jun 18, 2015 5:25:10 AM","Avinash Kaushik","Avinash Kaushik",$620.00,$620.00,Pending
100000265,"Jun 17, 2015 9:36:35 AM","Jan Kowalski","Jan Kowalski","$1,240.00","$1,240.00",Pending
100000264,"Jun 17, 2015 9:33:04 AM","Jan Kowalski","Jan Kowalski",$620.00,$620.00,Pending
100000263,"Jun 17, 2015 9:06:51 AM","Jan Kowalski","Jan Kowalski",$620.00,$620.00,Pending
100000262,"Jun 16, 2015 5:30:41 AM","vidya sagar","vidya sagar",$505.00,$505.00,Pending
100000261,"Jun 15, 2015 2:20:28 PM","sagar vidya","sagar vidya",$620.00,$620.00,Pending
100000260,"Jun 15, 2015 2:05:39 PM","sagar vidya","sagar vidya","$1,125.00","$1,125.00",Pending
100000259,"Jun 15, 2015 10:05:19 AM","Mayan Shekhar","Mayan Shekhar",$620.00,$620.00,Pending
100000258,"Jun 15, 2015 9:13:20 AM","Mayan Shekhar","Mayan Shekhar",$620.00,$620.00,Pending
100000257,"Jun 15, 2015 8:47:46 AM","Mayan Shekhar","Mayan Shekhar",$620.00,$620.00,Pending
100000256,"Jun 15, 2015 8:36:42 AM","Mayan Shekhar","Mayan Shekhar","$5,580.00","$5,580.00",Pending
100000255,"Jun 15, 2015 6:50:21 AM","Mayan Shekhar","Mayan Shekhar","$1,860.00","$1,860.00",Pending
100000254,"Jun 14, 2015 11:30:29 AM","n l","n l",$620.00,$620.00,Pending
100000253,"Jun 13, 2015 3:45:13 PM","Shanu Karshayal","Renu Sinh","$6,200.00","$6,200.00",Pending
100000252,"Jun 13, 2015 10:58:33 AM","Shanu Karshayal","Renu Sinh",$620.00,$620.00,Pending
100000251,"Jun 13, 2015 10:52:22 AM","Shanvi Verma","Renuka Verma",$620.00,$620.00,Pending
100000250,"Jun 13, 2015 10:29:30 AM","Shanvi Verma","Renuka Verma",$620.00,$620.00,Pending
100000249,"Jun 11, 2015 1:55:49 AM","valipireddy veena","valipireddy veena",$210.00,$210.00,Pending
100000248,"Jun 10, 2015 6:40:41 AM","Laxman Goud Bandi","Laxman Goud Bandi","$1,010.00","$1,010.00",Pending
100000247,"Jun 10, 2015 6:36:39 AM","Laxman Goud Bandi","Laxman Goud Bandi",$505.00,$505.00,Pending
100000246,"Jun 9, 2015 4:09:23 AM","brij parmar","brij parmar",$620.00,$620.00,Pending
100000245,"Jun 7, 2015 6:05:05 AM","Vihas reddy","Vihas reddy",$315.00,$315.00,Pending
100000244,"Jun 7, 2015 2:46:08 AM","John J","John J",$105.00,$105.00,Pending
100000243,"Jun 6, 2015 11:42:56 AM","Aru Agrawal","Aru Agrawal",$135.00,$135.00,Pending
100000242,"Jun 5, 2015 10:47:51 PM","Dao Minh","Dao Minh",$505.00,$505.00,Pending
100000241,"Jun 5, 2015 10:30:23 PM","Dao Minh Dam","Dao Minh Dam",$505.00,$505.00,Pending
100000240,"Jun 5, 2015 10:27:35 PM","Dao Minh ","Dao Minh ",$505.00,$505.00,Pending
100000239,"Jun 5, 2015 10:10:17 PM","Dao Minh Dam","Dao Minh Dam",$135.00,$135.00,Pending
100000238,"Jun 5, 2015 2:11:29 AM","SRINU PAPA","SRINU PAPA",$620.00,$620.00,Pending
100000237,"Jun 5, 2015 1:48:13 AM","SATISH2 PUPPALA2","SATISH2 PUPPALA2",$620.00,$620.00,Pending
100000236,"Jun 4, 2015 9:59:46 PM","vuthe linh","vuthe linh",$620.00,$620.00,Pending
100000235,"Jun 4, 2015 3:20:11 PM","srav srooav","srav srooav",$620.00,$620.00,Pending
100000234,"Jun 4, 2015 3:11:55 PM","srav srooav","srav srooav",$620.00,$620.00,Pending
100000233,"Jun 4, 2015 8:09:49 AM","SRINU PAPA","SRINU PAPA","$1,240.00","$1,240.00",Pending
100000232,"Jun 4, 2015 8:08:44 AM","Swetha Rambappa","Swetha Rambappa","$6,990.00","$6,990.00",Pending
100000231,"Jun 4, 2015 8:02:46 AM","Swetha Rambappa","Swetha Rambappa","$6,990.00","$6,990.00",Pending
100000230,"Jun 4, 2015 8:01:44 AM","Swetha Rambappa","Swetha Rambappa","$6,990.00","$6,990.00",Pending
100000229,"Jun 4, 2015 6:21:07 AM","Swetha Rambappa","Swetha Rambappa","$14,550.00","$14,550.00",Pending
100000228,"Jun 3, 2015 3:21:25 PM","srav srooav","srav srooav",$620.00,$620.00,Pending
100000227,"Jun 3, 2015 12:18:06 PM","Dao Minh Dam","Dao Minh Dam",$950.00,$950.00,Pending
100000226,"Jun 3, 2015 12:14:39 PM","Dao Minh Dam","Dao Minh Dam",$95.00,$95.00,Pending
100000225,"Jun 3, 2015 8:36:32 AM","Pihu Manav","Pihu Manav","$1,010.00","$1,010.00",Pending
100000224,"Jun 3, 2015 8:35:08 AM","Pihu Manav","Pihu Manav","$1,010.00","$1,010.00",Pending
100000223,"Jun 3, 2015 8:21:05 AM","Pihu Manav","Pihu Manav","$1,010.00","$1,010.00",Pending
100000222,"Jun 3, 2015 8:18:09 AM","Pihu Manav","Pihu Manav","$1,010.00","$1,010.00",Pending
100000221,"Jun 3, 2015 8:07:43 AM","Pihu Manav","Pihu Manav","$1,010.00","$1,010.00",Pending
100000220,"Jun 3, 2015 8:05:49 AM","Pihu Manav","Pihu Manav","$1,010.00","$1,010.00",Pending
100000219,"Jun 3, 2015 8:00:22 AM","Pihu Manav","Pihu Manav","$1,010.00","$1,010.00",Pending
100000218,"Jun 3, 2015 5:41:03 AM","Swetha Rambappa","Swetha Rambappa","$8,620.00","$8,620.00",Pending
100000217,"Jun 3, 2015 5:40:49 AM","Pihu Manav","Pihu Manav","$1,010.00","$1,010.00",Pending
100000216,"Jun 3, 2015 2:28:20 AM","Pihu Manav","Pihu Manav",$505.00,$505.00,Pending
100000215,"Jun 2, 2015 9:55:47 PM","Phuong Phuong","Phuong Phuong",$690.00,$690.00,Pending
100000214,"Jun 2, 2015 9:46:15 PM","Phuong Phuong","Phuong Phuong",$690.00,$690.00,Pending
100000213,"Jun 2, 2015 9:44:31 PM","Phuong Phuong","Phuong Phuong",$690.00,$690.00,Pending
100000212,"Jun 2, 2015 6:49:16 PM","BERRY BERRYSEVEN","BERRY BERRYSEVEN",$135.00,$135.00,Pending
100000211,"Jun 2, 2015 1:05:14 PM","phuong phuong","phuong phuong",$945.00,$945.00,Pending
100000210,"Jun 2, 2015 8:16:52 AM","max payne","max payne",$505.00,$505.00,Pending
100000209,"Jun 2, 2015 5:50:44 AM","Phuong Phuong","Phuong Phuong",$690.00,$690.00,Pending
100000208,"Jun 2, 2015 5:23:43 AM","Phuong Phuong","Phuong Phuong",$690.00,$690.00,Pending
100000207,"Jun 2, 2015 5:22:16 AM","Phuong Phuong","Phuong Phuong",$690.00,$690.00,Pending
100000206,"Jun 2, 2015 5:20:50 AM","Phuong Phuong","Phuong Phuong",$690.00,$690.00,Pending
100000205,"Jun 2, 2015 5:19:30 AM","Phuong Phuong","Phuong Phuong",$690.00,$690.00,Pending
100000204,"Jun 2, 2015 5:17:33 AM","Phuong Phuong","Phuong Phuong",$690.00,$690.00,Pending
100000203,"Jun 2, 2015 5:15:18 AM","Phuong Phuong","Phuong Phuong",$690.00,$690.00,Pending
100000202,"Jun 2, 2015 5:13:07 AM","Phuong Phuong","Phuong Phuong",$690.00,$690.00,Pending
100000201,"Jun 2, 2015 5:00:26 AM","Phuong Phuong","Phuong Phuong",$690.00,$690.00,Pending
100000200,"Jun 2, 2015 4:55:04 AM","Phuong Phuong","Phuong Phuong",$690.00,$690.00,Pending
100000199,"Jun 2, 2015 4:44:29 AM","Phuong Phuong","Phuong Phuong",$690.00,$690.00,Pending
100000198,"Jun 2, 2015 4:32:31 AM","Phuong Phuong","Phuong Phuong",$690.00,$690.00,Pending
100000197,"Jun 2, 2015 4:07:37 AM","test tst","test tst","$1,625.00","$1,625.00",Pending
100000196,"Jun 1, 2015 1:55:14 AM","ankit Samant","ankit Samant",$620.00,$620.00,Pending
100000195,"May 30, 2015 4:49:21 AM","ankit Samant","ankit Samant",$620.00,$620.00,Pending
100000194,"May 28, 2015 5:30:57 PM","Dora pal","Dora pal",$570.00,$570.00,Pending
100000193,"May 28, 2015 11:06:38 AM","BERRY BERRYTEN","BERRY BERRYTEN","$12,120.00","$12,120.00",Pending
100000192,"May 27, 2015 11:59:02 PM","BERRY BERRYTEN","BERRY BERRYTEN","$12,120.00","$12,120.00",Pending
100000191,"May 27, 2015 5:30:13 AM","kumar marrireddy","kumar marrireddy","$1,050.00","$1,050.00",Pending
100000190,"May 27, 2015 2:27:11 AM","kumar marrireddy","kumar marrireddy",$105.00,$105.00,Pending
100000189,"May 27, 2015 2:24:20 AM","kumar marrireddy","kumar marrireddy",$945.00,$945.00,Pending
100000188,"May 27, 2015 2:21:43 AM","BERRY BERRYTEN","BERRY BERRYTEN","$12,120.00","$12,120.00",Pending
100000187,"May 25, 2015 8:46:25 AM","hjgjkj jkgjrghj","hjgjkj jkgjrghj",$105.00,$105.00,Pending
100000186,"May 25, 2015 7:32:25 AM","kailash Roy","kailash Roy",$315.00,$315.00,Pending
100000185,"May 25, 2015 5:16:08 AM","checking checking1","checking checking1",$105.00,$105.00,Pending
100000184,"May 24, 2015 8:02:18 AM","BERRY BERRYTWO","BERRY BERRYTWO",$105.00,$105.00,Pending
100000183,"May 23, 2015 2:47:22 AM","kailash Roy","kailash Roy",$610.00,$610.00,Pending
100000182,"May 23, 2015 2:03:33 AM","Dora pal","Dora pal",$105.00,$105.00,Pending
100000181,"May 23, 2015 1:50:33 AM","Dora pal","Dora pal",$135.00,$135.00,Pending
100000180,"May 23, 2015 1:30:03 AM","Dora pal","Dora pal",$105.00,$105.00,Pending
100000179,"May 23, 2015 1:24:43 AM","Dora pal","Dora pal","$2,100.00","$2,100.00",Pending
100000178,"May 22, 2015 6:43:01 PM","Dora pal","Dora pal",$525.00,$525.00,Pending
100000177,"May 22, 2015 3:34:54 PM","BERRY BERRYTEN","BERRY BERRYTEN","$6,060.00","$6,060.00",Pending
100000176,"May 22, 2015 3:15:28 PM","BERRY BERRYTEN","BERRY BERRYTEN","$3,030.00","$3,030.00",Pending
100000175,"May 22, 2015 2:38:14 PM","BERRY BERRYTEN","BERRY BERRYTEN","$1,515.00","$1,515.00",Pending
100000174,"May 21, 2015 8:19:06 PM","Dora pal","Dora pal","$1,010.00","$1,010.00",Pending
100000173,"May 21, 2015 8:14:04 PM","Dora pal","Dora pal",$505.00,$505.00,Pending
100000172,"May 21, 2015 7:55:02 PM","Dora pal","Dora pal",$505.00,$505.00,Pending
100000171,"May 21, 2015 7:25:00 PM","Dora pal","Dora pal",$505.00,$505.00,Pending
100000170,"May 21, 2015 6:53:43 PM","Dora pal","Dora pal",$105.00,$105.00,Pending
100000169,"May 21, 2015 6:48:00 PM","Dora pal","Dora pal",$505.00,$505.00,Pending
100000168,"May 21, 2015 6:46:27 PM","Dora pal","Dora pal",$505.00,$505.00,Pending
100000167,"May 21, 2015 6:43:39 PM","Dora pal","Dora pal",$135.00,$135.00,Pending
100000166,"May 21, 2015 6:35:29 PM","Dora pal","Dora pal",$135.00,$135.00,Pending
100000165,"May 21, 2015 6:31:27 PM","Dora pal","Dora pal","$1,385.00","$1,385.00",Pending
100000164,"May 21, 2015 3:59:25 PM","Dora pal","Dora pal","$1,385.00","$1,385.00",Pending
100000163,"May 21, 2015 3:37:23 PM","Dora pal","Dora pal",$555.00,$555.00,Pending
100000162,"May 20, 2015 6:27:36 AM","BERRY BERRYTEN","BERRY BERRYTEN","$1,515.00","$1,515.00",Pending
100000161,"May 20, 2015 6:25:57 AM","Berry Berrysix","Berry Berrysix","$1,515.00","$1,515.00",Pending
100000160,"May 20, 2015 5:38:50 AM","BERRY BERRYSEVEN","BERRY BERRYSEVEN",$135.00,$135.00,Pending
100000159,"May 20, 2015 5:20:23 AM","BERRY BERRYSEVEN","BERRY BERRYSEVEN",$105.00,$105.00,Pending
100000158,"May 20, 2015 4:27:44 AM","kailash Roy","kailash Roy","$2,650.00","$2,650.00",Pending
100000157,"May 4, 2015 9:47:58 AM","sruthi keerthi","sruthi keerthi",$210.00,$210.00,Pending
100000156,"May 3, 2015 11:55:37 PM","BERRY BERRYTEN","BERRY BERRYTEN","$2,205.00","$2,205.00",Pending
100000155,"May 3, 2015 11:51:36 PM","BERRY BERRYTEN","BERRY BERRYTEN","$1,155.00","$1,155.00",Pending
100000154,"Apr 30, 2015 5:40:17 AM","BERRY BERRYSEVEN","BERRY BERRYSEVEN",$105.00,$105.00,Pending
100000153,"Apr 30, 2015 5:32:28 AM","BERRY BERRYSEVEN","BERRY BERRYSEVEN",$105.00,$105.00,Pending
100000152,"Apr 30, 2015 3:48:52 AM","praveen mm","praveen m",$105.00,$105.00,Pending
100000151,"Apr 30, 2015 3:44:49 AM","praveen mm","praveen m",$315.00,$315.00,Pending
100000150,"Apr 30, 2015 3:42:32 AM","praveen mm","praveen m",$105.00,$105.00,Pending
100000149,"Apr 30, 2015 1:59:25 AM","praveen m","gggggg ggggggg",$105.00,$105.00,Pending
100000148,"Apr 26, 2015 10:43:16 PM","praveen Reddy","praveen Reddy",$105.00,$105.00,Pending
100000147,"Apr 24, 2015 1:16:13 PM","Guruji Jay","Guruji Jay","$5,050.00","$5,050.00",Pending
100000146,"Apr 22, 2015 3:24:59 PM","Guruji Jay","Guruji Jay",$505.00,$505.00,Pending
100000145,"Apr 22, 2015 1:32:59 PM","Guruji Jay","Guruji Jay",$505.00,$505.00,Pending
100000144,"Apr 21, 2015 7:06:42 PM","Guruji Jay","Guruji Jay",$505.00,$505.00,Pending
100000143,"Apr 21, 2015 6:19:56 PM","Guruji Jay","Guruji Jay",$505.00,$505.00,Pending
100000142,"Apr 21, 2015 5:37:05 AM","Anish Singh","Anish Singh",$105.00,$105.00,Pending
100000141,"Apr 21, 2015 5:36:01 AM","Anish Singh","Anish Singh",$105.00,$105.00,Pending
100000140,"Apr 21, 2015 4:46:27 AM","Anish Singh","Anish Singh",$105.00,$105.00,Pending
100000139,"Apr 20, 2015 7:07:52 PM","Anish Singh","Anish Singh",$505.00,$505.00,Pending
100000138,"Apr 20, 2015 5:31:58 PM","Abdul Malik","Abdul Malik","$5,050.00","$5,050.00",Pending
100000137,"Apr 20, 2015 5:27:21 PM","Abdul Malik","Abdul Malik","$5,050.00","$5,050.00",Pending
100000136,"Apr 19, 2015 12:11:04 PM","Abdul Malik","Abdul Malik",$505.00,$505.00,Pending
100000135,"Apr 19, 2015 11:59:18 AM","Abdul Malik","Abdul Malik",$505.00,$505.00,Pending
100000134,"Apr 17, 2015 7:28:49 AM","Hima Kodavatiganti","Hima Kodavatiganti",$505.00,$505.00,Pending
100000133,"Apr 17, 2015 7:26:32 AM","Hima Kodavatiganti","Hima Kodavatiganti",$610.00,$610.00,Pending
100000132,"Apr 16, 2015 6:29:29 PM","Hima Kodavatiganti","Hima Kodavatiganti",$505.00,$505.00,Pending
100000131,"Apr 16, 2015 6:26:00 PM","Hima Kodavatiganti","Hima Kodavatiganti",$505.00,$505.00,Pending
100000130,"Apr 16, 2015 6:22:00 PM","Hima Kodavatiganti","Hima Kodavatiganti",$505.00,$505.00,Pending
100000129,"Apr 16, 2015 5:53:27 PM","Hima Kodavatiganti","Hima Kodavatiganti",$270.00,$270.00,Pending
100000128,"Apr 16, 2015 5:04:44 PM","Hima Kodavatiganti","Hima Kodavatiganti",$270.00,$270.00,Pending
100000127,"Apr 16, 2015 11:25:54 AM","eeee eeee","eeee eeee",$505.00,$505.00,Pending
100000126,"Apr 14, 2015 10:26:13 PM","Hima Kodavatiganti","Hima Kodavatiganti",$345.00,$345.00,Pending
100000125,"Apr 13, 2015 6:21:06 AM","Deep gandhi","Deep gandhi",$270.00,$270.00,Pending
100000124,"Apr 12, 2015 3:55:43 PM","Deep gandhi","Deep gandhi",$135.00,$135.00,Pending
100000123,"Apr 12, 2015 2:53:36 PM","Deep gandhi","Deep gandhi",$135.00,$135.00,Pending
100000122,"Apr 11, 2015 10:31:12 AM","Abc XYZ","Abc XYZ",$105.00,$105.00,Pending
100000121,"Apr 6, 2015 1:26:34 PM","Omkar Desai","Omkar Desai",$610.00,$610.00,Pending
100000120,"Apr 4, 2015 4:04:03 AM","Girish Narayan","Girish Narayan",$505.00,$505.00,Pending
100000119,"Apr 4, 2015 3:57:02 AM","BERRY BERRYTWO","BERRY BERRYTWO","$1,350.00","$1,350.00",Pending
100000118,"Apr 3, 2015 12:16:27 PM","Goldy Kakwani","Goldy Kakwani",$345.00,$345.00,Pending
100000117,"Apr 2, 2015 3:32:14 AM","BERRY BERRYTWO","BERRY BERRYTWO",$135.00,$135.00,Pending
100000116,"Mar 27, 2015 1:02:19 AM","SURESH KUMAR KALYANARAJAN","SURESH KUMAR KALYANARAJAN",$505.00,$505.00,Pending
100000115,"Mar 24, 2015 6:44:54 AM","amu S.N","amu S.N","$1,050.00","$1,050.00",Pending
100000114,"Mar 22, 2015 4:04:42 PM","Pravin shetty","Pravin shetty","$5,115.00","$5,115.00",Pending
100000113,"Mar 22, 2015 3:53:45 PM","Pravin shetty","berry berryone","$2,685.00","$2,685.00",Pending
100000112,"Mar 21, 2015 2:01:27 PM","s6 r5","s6 r5",$505.00,$505.00,Pending
100000111,"Mar 19, 2015 1:49:08 PM","amu S.N","amu S.N",$610.00,$610.00,Pending
100000110,"Mar 19, 2015 6:54:37 AM","BERRY BERRYSEVEN","BERRY BERRYSEVEN",$505.00,$505.00,Pending
100000109,"Mar 18, 2015 2:48:37 PM","s6 r5","s6 r5",$505.00,$505.00,Pending
100000108,"Mar 16, 2015 8:37:16 AM","Asha Negi","Asha Negi",$640.00,$640.00,Pending
100000107,"Mar 15, 2015 1:04:00 PM","BERRY BERRYSEVEN","BERRY BERRYSEVEN",$135.00,$135.00,Pending
100000106,"Mar 15, 2015 11:49:12 AM","BERRY BERRYSEVEN","BERRY BERRYSEVEN",$135.00,$135.00,Pending
100000105,"Mar 14, 2015 4:57:28 PM","berry berryone","berry berryone",$135.00,$135.00,Pending
100000104,"Mar 14, 2015 4:54:27 PM","berry berryone","berry berryone","$1,890.00","$1,890.00",Pending
100000103,"Mar 13, 2015 4:36:49 PM","a Shetty","a Shetty",$210.00,$210.00,Pending
100000102,"Mar 13, 2015 4:23:34 PM","Pravin Shetty","Pravin Shetty",$135.00,$135.00,Pending
100000101,"Mar 13, 2015 10:26:06 AM","Pravin Shetty","Pravin Shetty",$105.00,$105.00,Pending
100000100,"Mar 12, 2015 5:32:24 AM","BERRY BERRYTEN","BERRY BERRYTEN","$1,125.00","$1,125.00",Pending
100000099,"Mar 12, 2015 12:57:23 AM","Pravin Shetty","Pravin Shetty",$105.00,$105.00,Pending
100000098,"Mar 6, 2015 3:50:26 AM","giri nath","giri nath",$620.00,$620.00,Pending
100000097,"Mar 2, 2015 6:16:35 AM","Goldy Kakwani","Goldy Kakwani","$1,240.00","$1,240.00",Pending
100000096,"Mar 1, 2015 9:42:20 PM","BERRY BERRYTEN","BERRY BERRYTEN","$1,125.00","$1,125.00",Pending
100000095,"Mar 1, 2015 8:43:02 PM","Berry Berrysix","Berry Berrysix","$1,125.00","$1,125.00",Pending
100000094,"Mar 1, 2015 8:05:32 PM","BERRY BERRYSEVEN","BERRY BERRYSEVEN",$135.00,$135.00,Pending
100000093,"Feb 28, 2015 5:12:39 AM","Test ECSite","Test ECSite",$620.00,$620.00,Pending
100000092,"Feb 28, 2015 5:12:05 AM","Test ECSite","Test ECSite",$620.00,$620.00,Pending
100000091,"Feb 28, 2015 5:04:59 AM","Test ECSite","Test ECSite",$620.00,$620.00,Pending
100000090,"Feb 28, 2015 4:58:17 AM","Test ECSite","Test ECSite","$6,200.00","$6,200.00",Pending
100000089,"Feb 28, 2015 4:55:46 AM","wee ertert","wee ertert","$6,200.00","$6,200.00",Pending
100000088,"Feb 28, 2015 4:36:11 AM","Test ECSite","Test ECSite",$620.00,$620.00,Pending
100000087,"Feb 28, 2015 4:25:20 AM","wee ertert","wee ertert",$620.00,$620.00,Pending
100000086,"Feb 27, 2015 4:08:35 PM","Test ECSite","Test ECSite",$620.00,$620.00,Pending
100000085,"Feb 27, 2015 4:06:37 PM","Test ECSite","Test ECSite",$620.00,$620.00,Pending
100000084,"Feb 27, 2015 3:57:49 PM","Jhansi Damireddy","Jhansi Damireddy",$620.00,$620.00,Pending
100000083,"Feb 27, 2015 1:44:02 AM","BERRY BERRYSEVEN","BERRY BERRYSEVEN",$620.00,$620.00,Pending
100000082,"Feb 27, 2015 1:39:35 AM","BERRY BERRYSEVEN","BERRY BERRYSEVEN",$620.00,$620.00,Pending
100000081,"Feb 26, 2015 9:25:57 AM","BERRY BERRYTEN","BERRY BERRYTEN","$3,720.00","$3,720.00",Pending
100000080,"Feb 26, 2015 9:08:38 AM","BERRY1 BERRYTWO","BERRY1 BERRYTWO","$1,240.00","$1,240.00",Pending
100000079,"Feb 25, 2015 12:28:42 PM","BERRY BERRYSEVEN","BERRY BERRYSEVEN",$620.00,$620.00,Pending
100000078,"Feb 25, 2015 12:25:31 PM","BERRY BERRYSEVEN","BERRY BERRYSEVEN",$620.00,$620.00,Pending
100000077,"Feb 25, 2015 2:06:43 AM","test1 user1","test1 user1",$620.00,$620.00,Pending
100000076,"Feb 25, 2015 2:03:46 AM","abc def","abc def",$620.00,$620.00,Pending
100000075,"Feb 25, 2015 1:55:13 AM","Test User","Test User",$620.00,$620.00,Pending
100000074,"Feb 25, 2015 1:42:00 AM","Kathy Brooks","Kathy Brooks",$620.00,$620.00,Pending
100000073,"Feb 24, 2015 12:18:07 AM","BERRY BERRYSEVEN","BERRY BERRYSEVEN",$620.00,$620.00,Pending
100000072,"Feb 23, 2015 8:05:32 AM","a a","a a",$505.00,$505.00,Pending
100000071,"Feb 22, 2015 6:52:46 PM","lucy thomas","lucy thomas",$620.00,$620.00,Pending
100000070,"Feb 22, 2015 1:19:55 AM","murali akurati","murali akurati","$2,700.00","$2,700.00",Pending
100000069,"Feb 18, 2015 6:04:15 AM","Dinesh Dontha","Dinesh Dontha",$620.00,$620.00,Pending
100000068,"Feb 18, 2015 5:56:45 AM","Dinesh Dontha","Dinesh Dontha",$620.00,$620.00,Pending
100000067,"Feb 18, 2015 5:42:37 AM","Dinesh Dontha","Dinesh Dontha",$620.00,$620.00,Pending
100000066,"Feb 18, 2015 5:38:30 AM","Rakesh Dontha","Rakesh Dontha",$620.00,$620.00,Pending
100000065,"Feb 18, 2015 5:34:54 AM","Rakesh Dontha","Rakesh Dontha",$620.00,$620.00,Pending
100000064,"Feb 16, 2015 2:23:30 AM","dasd asdsd","dasd asdsd",$505.00,$505.00,Pending
100000063,"Feb 16, 2015 2:22:17 AM","dasd asdsd","dasd asdsd","$4,660.00","$4,660.00",Pending
100000062,"Feb 11, 2015 1:56:17 AM","harsha vardhan","harsha vardhan",$315.00,$315.00,Pending
100000061,"Feb 10, 2015 11:39:38 PM","Nikhil KP","Nikhil KP","$2,525.00","$2,525.00",Pending
100000060,"Feb 10, 2015 11:29:44 PM","Nikhil KP","Nikhil KP","$11,820.00","$11,820.00",Pending
100000059,"Feb 10, 2015 3:46:55 AM","Nikhil KP","Nikhil KP",$620.00,$620.00,Pending
100000058,"Feb 9, 2015 1:42:51 AM","nikhil kp","nikhil kp","$1,643.50","$1,643.50",Pending
100000057,"Feb 7, 2015 1:25:18 PM","asdf asdf","asdf asdf",$135.00,$135.00,Pending
100000056,"Feb 4, 2015 2:09:08 PM","asdf asdf","asdf asdf",$135.00,$135.00,Pending
100000055,"Feb 3, 2015 3:33:19 AM","giri nath","giri nath",$620.00,$620.00,Pending
100000054,"Feb 2, 2015 5:58:09 AM","jawed jawed","qwerr aadaff",$620.00,$620.00,Pending
100000053,"Jan 27, 2015 4:24:28 AM","PRIYANKA1 RAWAT1","PRIYANKA1 RAWAT1",$620.00,$620.00,Pending
100000052,"Jan 27, 2015 4:16:58 AM","BERRY BERRYSEVEN","BERRY BERRYSEVEN",$620.00,$620.00,Pending
100000051,"Jan 22, 2015 6:13:35 AM","Sid MD","Sid MD",$505.00,$505.00,Pending
100000050,"Jan 22, 2015 6:11:37 AM","PradeepAB DAB","PradeepAB DAB","$14,550.00","$14,550.00",Pending
100000049,"Jan 10, 2015 10:47:15 AM","giri nath","giri nath",$705.00,$705.00,Pending
100000048,"Jan 10, 2015 9:33:05 AM","Giri nath","Giri nath","$1,410.00","$1,410.00",Pending
100000047,"Jan 10, 2015 9:28:20 AM","Giri nath","Giri nath","$1,410.00","$1,410.00",Pending
100000046,"Jan 10, 2015 9:23:36 AM","Giri nath","Giri nath","$1,410.00","$1,410.00",Pending
100000045,"Jan 10, 2015 9:17:44 AM","Giri nath","Giri nath","$1,410.00","$1,410.00",Pending
100000044,"Jan 10, 2015 9:12:53 AM","Giri nath","Giri nath","$1,410.00","$1,410.00",Pending
100000043,"Jan 10, 2015 9:10:31 AM","Giri nath","Giri nath","$1,410.00","$1,410.00",Pending
100000042,"Jan 10, 2015 9:06:24 AM","Giri nath","Giri nath","$1,410.00","$1,410.00",Pending
100000041,"Jan 7, 2015 5:46:07 AM","Giri nath","Giri nath","$2,115.00","$2,115.00",Pending
100000040,"Dec 28, 2014 7:40:56 AM","BERRY BERRYTEN","BERRY BERRYTEN",$620.00,$620.00,Pending
100000039,"Dec 25, 2014 5:16:07 AM","BERRY BERRYSEVEN","BERRY BERRYSEVEN",$620.00,$620.00,Pending
100000038,"Dec 24, 2014 2:53:03 AM","Ankur Gupta","Ankur Gupta",$620.00,$620.00,Pending
100000037,"Dec 21, 2014 6:21:37 AM","R A","R A",$620.00,$620.00,Pending
100000036,"Dec 21, 2014 6:19:10 AM","R A","R A","$3,720.00","$3,720.00",Pending
100000035,"Dec 21, 2014 6:02:11 AM","ABC BCD","ABC BCD",$620.00,$620.00,Pending
100000034,"Sep 15, 2014 8:25:16 AM","BERRY BERRYTEN","BERRY BERRYTEN","$2,525.00","$2,525.00",Pending
100000033,"Sep 15, 2014 8:20:41 AM","BERRY BERRYTEN","BERRY BERRYTEN","$2,525.00","$2,525.00",Pending
100000032,"Sep 15, 2014 7:57:38 AM","BERRY BERRYSEVEN","BERRY BERRYSEVEN",$505.00,$505.00,Pending
100000031,"Sep 5, 2014 3:34:21 AM","BERRY BERRYTEN","BERRY BERRYTEN","$7,050.00","$7,050.00",Canceled
100000030,"Sep 5, 2014 3:23:18 AM","BERRY BERRYTEN","BERRY BERRYTEN","$7,050.00","$7,050.00",Pending
100000029,"Sep 5, 2014 3:13:23 AM","BERRY BERRYTEN","BERRY BERRYTEN","$7,050.00","$7,050.00",Pending
100000028,"Sep 5, 2014 3:06:59 AM","BERRY BERRYTEN","BERRY BERRYTEN","$7,050.00","$7,050.00",Pending
100000027,"Sep 5, 2014 1:01:29 AM","BERRY BERRYTEN","BERRY BERRYTEN","$7,050.00","$7,050.00",Pending
100000026,"Sep 5, 2014 12:48:39 AM","BERRY BERRYTEN","BERRY BERRYTEN","$7,050.00","$7,050.00",Pending
100000025,"Sep 5, 2014 12:40:28 AM","BERRY BERRYTEN","BERRY BERRYTEN",$705.00,$705.00,Pending
100000024,"Sep 4, 2014 10:38:58 PM","BERRY BERRYTEN","BERRY BERRYTEN","$1,410.00","$1,410.00",Pending
100000023,"Sep 3, 2014 11:05:43 AM","BERRY BERRYSEVEN","BERRY BERRYSEVEN",$620.00,$620.00,Pending
100000022,"Sep 3, 2014 11:00:08 AM","BERRY BERRYSEVEN","BERRY BERRYSEVEN",$620.00,$620.00,Pending
100000021,"Sep 3, 2014 10:12:44 AM","BERRY BERRYNINE","BERRY BERRYNINE",$620.00,$620.00,Pending
100000020,"Sep 3, 2014 10:03:32 AM","BERRY BERRYTWO","BERRY BERRYTWO",$620.00,$620.00,Pending
100000019,"Sep 3, 2014 7:21:53 AM","BERRY BERRYTWO","BERRY BERRYTWO",$620.00,$620.00,Pending
100000018,"Sep 3, 2014 6:59:35 AM","BERRY BERRYTEN","BERRY BERRYTEN",$705.00,$705.00,Pending
100000017,"Sep 3, 2014 6:36:32 AM","BERRY BERRYTWO","BERRY BERRYTWO",$620.00,$620.00,Pending
100000016,"Sep 3, 2014 2:38:55 AM","Berry Berrytwo","Berry Berrytwo",$620.00,$620.00,Pending
100000015,"Sep 2, 2014 4:41:38 AM","BERRY BERRYTWO","BERRY BERRYTWO",$620.00,$620.00,Pending
100000014,"Sep 2, 2014 12:55:40 AM","BERRY BERRYTWO","BERRY BERRYTWO",$620.00,$620.00,Pending
100000013,"Sep 2, 2014 12:35:52 AM","BERRY BERRYTWO","BERRY BERRYTWO",$620.00,$620.00,Pending
100000012,"Sep 1, 2014 11:01:06 PM","BERRY BERRYTWO","BERRY BERRYTWO",$620.00,$620.00,Pending
100000011,"Aug 31, 2014 9:42:56 AM","BERRY BERRYTWO","BERRY BERRYTWO",$620.00,$620.00,Pending
100000010,"Aug 31, 2014 5:24:42 AM","Rene Gabor","Berry  Berrytwo",$620.00,$620.00,Pending
100000009,"Aug 26, 2014 3:20:16 AM","Krishna Rungta","Krishna Rungta",$620.00,$620.00,Pending
100000008,"Aug 23, 2014 6:31:35 AM","abc xyz","abc xyz",$205.00,$205.00,Canceled
100000007,"Aug 23, 2014 3:41:11 AM","abc xyz","abc xyz",$620.00,$620.00,Canceled
100000006,"Aug 23, 2014 3:21:56 AM","abc xyz","abc xyz","$2,115.00","$2,115.00",Canceled
100000005,"Aug 23, 2014 1:09:33 AM","abc xyz","abc xyz","$1,345.00","$1,345.00",Complete
100000004,"Aug 23, 2014 12:32:45 AM","abc xyz","abc xyz",$505.00,$505.00,Closed
100000003,"Aug 22, 2014 10:57:57 PM","abc xyz","abc xyz","$1,240.00","$1,240.00",Closed
100000002,"Aug 22, 2014 10:07:37 PM","abc xyz","abc xyz",$620.00,$620.00,Closed
100000001,"Aug 19, 2014 1:37:12 PM","abc xyz","abc xyz",$105.00,$105.00,Processing
